time,x,y
0.0,0.1,0.1
0.1,0.1522092882136659,0.10594697935446819
0.2,0.20912690906779952,0.1122909352394305
0.30000000000000004,0.27106263261890673,0.11906814537001079
0.4,0.33826930028041835,0.126316920968985
0.5,0.4109050440347203,0.13407699546277904
0.6,0.488985900306497,0.1423885771271175
0.7,0.5723304492095163,0.1512909960882245
0.7999999999999999,0.6605011993246964,0.16082090106477726
0.8999999999999999,0.7527515895758496,0.17101001520369566
0.9999999999999999,0.8479918676390479,0.181882548899555
1.0999999999999999,0.9447899115173248,0.19345248567534476
1.2,1.0414216803306784,0.20572108210393675
1.3,1.1359781397064754,0.2186750110306694
1.4000000000000001,1.226521242452667,0.23228557566407815
1.5000000000000002,1.3112648418221486,0.24650929294504317
1.6000000000000003,1.388744560621934,0.261289897223459
1.7000000000000004,1.4579404292366185,0.2765615182414183
1.8000000000000005,1.518329027789984,0.29225254446022386
1.9000000000000006,1.569862378523632,0.3082895801571194
2.0000000000000004,1.6128897101165298,0.32460096578743936
2.1000000000000005,1.6480483254831508,0.34111951034394816
2.2000000000000006,1.6761496205138793,0.35778430123167604
2.3000000000000007,1.6980791138280782,0.3745416401057907
2.400000000000001,1.7147200122542672,0.3913452659754026
2.500000000000001,1.7269019916312907,0.4081560688004224
2.600000000000001,1.7353720066006466,0.4249414874368547
2.700000000000001,1.7407818932175412,0.4416747493466072
2.800000000000001,1.7436873996710085,0.45833406526146236
2.9000000000000012,1.7445541350676952,0.47490185149808983
3.0000000000000013,1.7437670881896252,0.49136402077570324
3.1000000000000014,1.74164146124478,0.5077093599047299
3.2000000000000015,1.7384334345005379,0.5239289982562518
3.3000000000000016,1.7343501021976495,0.5400159625082481
3.4000000000000017,1.7295582330305432,0.5559648089083695
3.5000000000000018,1.7241917616749203,0.5717713226841258
3.600000000000002,1.7183580603659503,0.5874322741804731
3.700000000000002,1.7121431102897913,0.6029452220820691
3.800000000000002,1.7056157195478951,0.6183083552239506
3.900000000000002,1.6988309365218521,0.6335203657392654
4.000000000000002,1.691832796608797,0.6485803474882702
4.100000000000001,1.6846565237867006,0.6634877147879175
4.200000000000001,1.6773302904742369,0.6782421373899816
4.300000000000001,1.669876621890584,0.6928434884367835
4.4,1.6623135156408586,0.7072918027687323
4.5,1.6546553339211583,0.7215872434839842
4.6,1.6469135145554261,0.7357300750755744
4.699999999999999,1.6390971378659849,0.7497206418125854
4.799999999999999,1.6312133788888608,0.7635593503045282
4.899999999999999,1.6232678684076967,0.7772466554052395
4.999999999999998,1.6152649814454787,0.7907830487851413
5.099999999999998,1.6072080679995346,0.804169049637664
5.1999999999999975,1.599099637743056,0.8174051970942499
5.299999999999997,1.5909415079882885,0.8304920440084852
5.399999999999997,1.582734922283691,0.8434301518382263
5.4999999999999964,1.5744806454956064,0.8562200864087892
5.599999999999996,1.5661790400208169,0.8688624143833191
5.699999999999996,1.5578301268232069,0.8813577003006642
5.799999999999995,1.5494336342328134,0.8937065040682879
5.899999999999995,1.5409890368470551,0.9059093788194251
5.999999999999995,1.532495586398873,0.917966869060951
6.099999999999994,1.523952336078922,0.9298795090522114
6.199999999999994,1.5153581594982872,0.9416478213660527
6.299999999999994,1.5067117652383373,0.9532723155920741
6.399999999999993,1.4980117077425277,0.9647534871491289
6.499999999999993,1.4892563951511841,0.9760918161796998
6.5999999999999925,1.4804440945566142,0.987287766503226
6.699999999999992,1.4715729350560336,0.9983417846090019
6.799999999999992,1.462640908898797,1.0092542986720643
6.8999999999999915,1.4536458709583484,1.0200257175776861
6.999999999999991,1.444585536705018,1.0306564299417968
7.099999999999991,1.4354574788107946,1.0411468031159512
7.19999999999999,1.426259122479478,1.0514971821664325
7.29999999999999,1.4169877395635593,1.0617078888177547
7.39999999999999,1.407640441501467,1.0717792203512682
7.499999999999989,1.3982141710843834,1.0817114484497985
7.599999999999989,1.3887056930397839,1.0915048179792946
7.699999999999989,1.3791115833984346,1.1011595456983292
7.799999999999988,1.3694282175921502,1.110675818886017
7.899999999999988,1.3596517572106064,1.1200537938784725
7.999999999999988,1.3497781353263962,1.1292935945033484
8.099999999999987,1.3398030402778407,1.1383953104012632
8.199999999999987,1.329721897778352,1.1473589952220262
8.299999999999986,1.319529851198924,1.1561846646825211
8.399999999999986,1.3092217398461217,1.1648722944718684
8.499999999999986,1.2987920750312367,1.1734218179880591
8.599999999999985,1.2882350136965128,1.1818331238886082
8.699999999999985,1.277544329330899,1.1901060534358876
8.799999999999985,1.2667133798699632,1.1982403976156435
8.899999999999984,1.2557350722315697,1.2062358940047342
8.999999999999984,1.2446018230897835,1.214092223361308
9.099999999999984,1.233305515433105,1.2218090059074243
9.199999999999983,1.221837450388307,1.2293857972704347
9.299999999999983,1.210188293716341,1.236822084045236
9.399999999999983,1.1983480163002367,1.2441172789346677
9.499999999999982,1.1863058278445517,1.2512707154197973
9.599999999999982,1.174050102889268,1.2582816419054563
9.699999999999982,1.1615682981050939,1.2651492152790649
9.799999999999981,1.1488468596784414,1.2718724938123152
9.89999999999998,1.1358711194086544,1.278450429325515
9.99999999999998,1.122625177922365,1.2848818585230706
10.09999999999998,1.1090917731540926,1.2911654933954575
10.19999999999998,1.0952521319411486,1.2972999105677718
10.29999999999998,1.081085802225863,1.303283539457175
10.399999999999979,1.0665704629386572,1.3091146490808077
10.499999999999979,1.0516817081389966,1.3147913333314971
10.599999999999978,1.03639280140267,1.320311494510164
10.699999999999978,1.020674395745061,1.3256728248704877
10.799999999999978,1.0044942135393977,1.330872785892165
10.899999999999977,0.9878166799004997,1.3359085849528862
10.999999999999977,0.9706025018274711,1.340777149014633
11.099999999999977,0.9528081839967649,1.3454750948754572
11.199999999999976,0.9343854704275044,1.3499986954616692
11.299999999999976,0.915280699254825,1.3543438415450508
11.399999999999975,0.8954340554888406,1.3585059981627168
11.499999999999975,0.8747787038459361,1.3624801548904177
11.599999999999975,0.8532397804523941,1.366260768969893
11.699999999999974,0.8307332183783553,1.3698417001132406
11.799999999999974,0.8071643775178445,1.3732161355977688
11.899999999999974,0.7824264442770958,1.3763765040187428
11.999999999999973,0.7563985609250441,1.379314375780383
12.099999999999973,0.7289436384759969,1.3820203480738353
12.199999999999973,0.6999058010095448,1.3844839117133245
12.299999999999972,0.6691074041457419,1.3866932967814467
12.399999999999972,0.6363455673494272,1.3886352935830089
12.499999999999972,0.601388161191807,1.3902950449498064
12.599999999999971,0.5639692006028778,1.391655805526617
12.69999999999997,0.523783619997973,1.3926986633924003
12.79999999999997,0.48048145642675066,1.3934022193870441
12.89999999999997,0.43366155915363386,1.3937422200850278
12.99999999999997,0.3828651040475883,1.393691141909747
13.09999999999997,0.327569457657634,1.3932177270943626
13.199999999999969,0.2671833653100167,1.3922864781179476
13.299999999999969,0.20104510730828395,1.3908571274561636
13.399999999999968,0.1284262728693143,1.3888841162453915
13.499999999999968,0.048545236865737265,1.3863161417942418
13.599999999999968,-0.03940367624982455,1.383095873363407
13.699999999999967,-0.1361971556867676,1.3791599914442798
13.799999999999967,-0.24249592688098176,1.3744397781525617
13.899999999999967,-0.3587136983894781,1.3688625674378994
13.999999999999966,-0.48483646213749887,1.3623544287895308
14.099999999999966,-0.6201998549638298,1.354844454394287
14.199999999999966,-0.7632578776208104,1.3462708622932473
14.299999999999965,-0.9114122967692693,1.3365887211782435
14.399999999999965,-1.0610035982287094,1.3257784131198995
14.499999999999964,-1.2075604868931717,1.313853131655003
14.599999999999964,-1.3463345488840783,1.3008631827513293
14.699999999999964,-1.4730167751701315,1.286895154406639
14.799999999999963,-1.5844144507314437,1.2720653700536986
14.899999999999963,-1.678855726020498,1.256508946814533
14.999999999999963,-1.7562106838001126,1.2403672117220395
15.099999999999962,-1.8175890520880562,1.2237764067370034
15.199999999999962,-1.8648818767046933,1.2068596204403224
15.299999999999962,-1.9003140282563855,1.1897224751212312
15.399999999999961,-1.9261061159906374,1.1724520127732267
15.499999999999961,-1.9442701315367865,1.1551177483318762
15.59999999999996,-1.95651730385747,1.1377738760928549
15.69999999999996,-1.964241386907648,1.1204618711259222
15.79999999999996,-1.9685437724614472,1.1032130209576565
15.89999999999996,-1.9702765559733968,1.0860506565697838
15.99999999999996,-1.9700892572792896,1.068992004181148
16.09999999999996,-1.968471925803471,1.0520496638836194
16.19999999999996,-1.9657917318305527,1.035232760107055
16.29999999999996,-1.962322530261675,1.0185478211183239
16.399999999999963,-1.9582680072367182,1.0019994433612522
16.499999999999964,-1.953779431003103,0.9855907892362796
16.599999999999966,-1.948969077534267,0.9693239581038522
16.699999999999967,-1.9439202911259001,0.9532002618809242
16.79999999999997,-1.9386949774796245,0.937220429377765
16.89999999999997,-1.9333391628823704,0.9213847576709532
16.99999999999997,-1.9278871091479763,0.9056932242299087
17.099999999999973,-1.9223643560243242,0.8901455700103293
17.199999999999974,-1.9167899699052082,0.8747413610850422
17.299999999999976,-1.9111782063934408,0.8594800344085274
17.399999999999977,-1.9055397404139496,0.8443609318458898
17.49999999999998,-1.8998825773388202,0.8293833255136168
17.59999999999998,-1.8942127287321862,0.8145464366804206
17.69999999999998,-1.888534714273578,0.7998494498879094
17.799999999999983,-1.8828519351793418,0.7852915235175127
17.899999999999984,-1.8771669525007009,0.7708717977109909
17.999999999999986,-1.8714816949022737,0.7565894003167356
18.099999999999987,-1.8657976140768229,0.742443451360649
18.19999999999999,-1.8601158012114474,0.7284330664123215
18.29999999999999,-1.8544370744322511,0.7145573591225263
18.39999999999999,-1.848762044585008,0.7008154431379063
18.499999999999993,-1.84309116481406,0.6872064335466961
18.599999999999994,-1.8374247680016937,0.67372944797065
18.699999999999996,-1.83176309509445,0.6603836073895669
18.799999999999997,-1.8261063165752567,0.6471680367633288
18.9,-1.8204545487704737,0.6340818655003355
19.0,-1.8148078662572147,0.6211242278092077
19.1,-1.8091663113206577,0.6082942629616298
19.200000000000003,-1.803529901175474,0.5955911154874359
19.300000000000004,-1.7978986334893627,0.5830139353179545
19.400000000000006,-1.7922724906147494,0.5705618778897827
19.500000000000007,-1.7866514428356925,0.558234104218262
19.60000000000001,-1.7810354508626127,0.5460297809477306
19.70000000000001,-1.775424467751388,0.5339480803839611
19.80000000000001,-1.7698184403810622,0.5219881805129283
19.900000000000013,-1.7642173105924295,0.510149265009085
20.000000000000014,-1.7586210160655342,0.49843052323559456
20.100000000000016,-1.753029490995757,0.48683115023840223
20.200000000000017,-1.7474426666141825,0.4753503467356014
20.30000000000002,-1.7418604715873127,0.46398731910322005
20.40000000000002,-1.7362828323230728,0.4527412793583004
20.50000000000002,-1.7307096732038565,0.44161144513994927
20.600000000000023,-1.7251409167626113,0.43059703968888796
20.700000000000024,-1.7195764838143202,0.4196972918259136
20.800000000000026,-1.7140162935524415,0.40891143592959467
20.900000000000027,-1.7084602636177117,0.39823871191345483
21.00000000000003,-1.702908310145058,0.38767836520284416
21.10000000000003,-1.6973603477930825,0.37722964671165576
21.20000000000003,-1.691816289759588,0.36689181281901423
21.300000000000033,-1.6862760477858443,0.3566641253460348
21.400000000000034,-1.6807395321516965,0.3465458515327351
21.500000000000036,-1.6752066516631507,0.3365362640151638
21.600000000000037,-1.66967731363371,0.3266346408028002
21.70000000000004,-1.6641514238604467,0.3168402652562682
21.80000000000004,-1.6586288865955805,0.30715242606540155
21.90000000000004,-1.6531096045141478,0.297570417227692
22.000000000000043,-1.6475934786782211,0.2880935380271465
22.100000000000044,-1.642080408498019,0.2787210930135771
22.200000000000045,-1.6365702916901645,0.26945239198234516
22.300000000000047,-1.6310630242332849,0.26028674995457773
22.40000000000005,-1.6255585003210815,0.2512234871578749
22.50000000000005,-1.6200566123129643,0.2422619290075239
22.60000000000005,-1.6145572506823014,0.23340140608823642
22.700000000000053,-1.6090603039623101,0.22464125413642444
22.800000000000054,-1.6035656586895897,0.21598081402303015
22.900000000000055,-1.5980731993452726,0.20741943173692515
23.000000000000057,-1.5925828082937616,0.1989564583688943
23.10000000000006,-1.5870943657189964,0.19059125009622035
23.20000000000006,-1.5816077495581864,0.18232316816788505
23.30000000000006,-1.576122835432931,0.17415157889040347
23.400000000000063,-1.5706394965776433,0.1660758536143089
23.500000000000064,-1.5651576037651744,0.15809536872130553
23.600000000000065,-1.559677025229537,0.15020950561210797
23.700000000000067,-1.5541976265856088,0.1424176506949864
23.800000000000068,-1.5487192707456914,0.1347191953750377
23.90000000000007,-1.5432418178327934,0.12711353604420325
24.00000000000007,-1.5377651250904927,0.11960007407205567
24.100000000000072,-1.5322890467892276,0.11217821579737719
24.200000000000074,-1.5268134341288564,0.10484737252055377
24.300000000000075,-1.521338135137314,0.09760696049681036
24.400000000000077,-1.5158629945651863,0.09045640093031353
24.500000000000078,-1.5103878537760098,0.08339511996916939
24.60000000000008,-1.5049125506320973,0.07642254870134602
24.70000000000008,-1.4994369193756725,0.06953812315155086
24.800000000000082,-1.4939607905050911,0.06274128427909546
24.900000000000084,-1.4884839906459086,0.05603147797678125
25.000000000000085,-1.483006342416543,0.04940815507084202
25.100000000000087,-1.4775276642882635,0.04287077132198053
25.200000000000088,-1.4720477704392283,0.03641878742753851
25.30000000000009,-1.4665664706022665,0.030051669024841642
25.40000000000009,-1.4610835699060953,0.023768886695762936
25.500000000000092,-1.4555988687096322,0.01756991597255063
25.600000000000094,-1.4501121624290532,0.01145423734496884
25.700000000000095,-1.4446232413572193,0.005421336268802008
25.800000000000097,-1.439131890475077,-0.0005292968242231987
25.900000000000098,-1.4336378892546078,-0.006398166515041839
26.0000000000001,-1.4281410114528863,-0.012185772384320798
26.1000000000001,-1.4226410248967685,-0.017892608997932036
26.200000000000102,-1.4171376912577105,-0.02351916589076245
26.300000000000104,-1.4116307658161853,-0.029065927548790196
26.400000000000105,-1.4061199972151288,-0.034533373389353264
26.500000000000107,-1.4006051272018154,-0.03992197773953209
26.600000000000108,-1.3950858903575232,-0.04523220981256331
26.70000000000011,-1.3895620138143085,-0.05046453368219726
26.80000000000011,-1.384033216958166,-0.05561940825490665
26.900000000000112,-1.378499211117804,-0.060697287239848505
27.000000000000114,-1.3729596992382167,-0.06569861911647575
27.100000000000115,-1.3674143755381758,-0.07062384709968877
27.200000000000117,-1.3618629251507137,-0.07547340910241075
27.300000000000118,-1.356305023745603,-0.08024773769546356
27.40000000000012,-1.3507403371327733,-0.08494726006461378
27.50000000000012,-1.345168520845534,-0.08957239796465043
27.600000000000122,-1.3395892197023933,-0.09412356767034737
27.700000000000124,-1.3340020673461856,-0.09860117992415476
27.800000000000125,-1.3284066857591237,-0.10300563988045373
27.900000000000126,-1.3228026847523013,-0.1073373470461986
28.000000000000128,-1.3171896614280654,-0.1115966952177596
28.10000000000013,-1.311567199613565,-0.11578407241376733
28.20000000000013,-1.3059348692636656,-0.11989986080374751
28.300000000000132,-1.300292225831285,-0.12394443663232085
28.400000000000134,-1.2946388096030648,-0.12791817013872833
28.500000000000135,-1.2889741449981418,-0.1318214254714265
28.600000000000136,-1.2832977398276169,-0.13565456059748043
28.700000000000138,-1.2776090845121388,-0.139417927206464
28.80000000000014,-1.2719076512548289,-0.14311187060855768
28.90000000000014,-1.2661928931665596,-0.1467367296265125
29.000000000000142,-1.2604642433403752,-0.15029283648112737
29.100000000000144,-1.25472111387159,-0.15378051666986145
29.200000000000145,-1.2489628948198344,-0.15720008883817752
29.300000000000146,-1.2431889531090259,-0.16055186464318405
29.400000000000148,-1.2373986313609178,-0.16383614860911305
29.50000000000015,-1.2315912466575405,-0.16705323797413735
29.60000000000015,-1.2257660892274622,-0.17020342252799567
29.700000000000152,-1.21992242105039,-0.17328698443985524
29.800000000000153,-1.2140594743741793,-0.17630419807579942
29.900000000000155,-1.2081764501378234,-0.1792553298052827
30.000000000000156,-1.2022725162934675,-0.18214063779584652
30.100000000000158,-1.1963468060198887,-0.18496037179533578
30.20000000000016,-1.1903984158192504,-0.1877147729007977
30.30000000000016,-1.1844264034882281,-0.1904040733131826
30.400000000000162,-1.1784297859538262,-0.19302849607689707
30.500000000000163,-1.1724075369633613,-0.19558825480318542
30.600000000000165,-1.1663585846171454,-0.19808355337623512
30.700000000000166,-1.1602818087313802,-0.20051458564081248
30.800000000000168,-1.1541760380176376,-0.20288153507013884
30.90000000000017,-1.1480400470640582,-0.2051845744126126
31.00000000000017,-1.1418725531020226,-0.20742386531586646
31.100000000000172,-1.1356722125405336,-0.20959955792652432
31.200000000000173,-1.1294376172488705,-0.21171179046388383
31.300000000000175,-1.123167290566222,-0.21376068876559984
31.400000000000176,-1.116859683014952,-0.2157463658032786
31.500000000000178,-1.1105131676918758,-0.21766892116571052
31.60000000000018,-1.104126035309403,-0.21952844050726947
31.70000000000018,-1.0976964888555958,-0.22132499495878763
31.800000000000182,-1.0912226378390837,-0.22305864049797208
31.900000000000183,-1.0847024920812947,-0.2247294172761636
32.000000000000185,-1.0781339550146136,-0.22633734889794369
32.100000000000186,-1.071514816440757,-0.22788244164977106
32.20000000000019,-1.064842744698846,-0.22936468367347057
32.30000000000019,-1.058115278187276,-0.2307840440799989
32.40000000000019,-1.0513298161774602,-0.23214047199847274
32.50000000000019,-1.0444836088507685,-0.23343389555495575
32.60000000000019,-1.0375737464824129,-0.23466422077495877
32.700000000000195,-1.030597147687516,-0.23583133040300525
32.800000000000196,-1.0235505466350252,-0.23693508263194232
32.9000000000002,-1.0164304791243512,-0.23797530973393075
33.0000000000002,-1.0092332674074398,-0.238951816584212
33.1000000000002,-1.0019550036252511,-0.2398643790678188
33.2000000000002,-0.9945915317120793,-0.2407127423583526
33.3000000000002,-0.9871384276035416,-0.24149661905678318
33.400000000000205,-0.9795909775641154,-0.24221568717691513
33.500000000000206,-0.9719441544274213,-0.24286958796269453
33.60000000000021,-0.9641925915166766,-0.2434579235208739
33.70000000000021,-0.9563305539833657,-0.24398025425068912
33.80000000000021,-0.9483519072686777,-0.2444360960500997
33.90000000000021,-0.9402500823539831,-0.2448249172757682
34.00000000000021,-0.9320180374228351,-0.24514613543126887
34.100000000000215,-0.9236482155067969,-0.24539911355497154
34.200000000000216,-0.9151324976298164,-0.2455831562755938
34.30000000000022,-0.9064621508996782,-0.24569750549949113
34.40000000000022,-0.8976277709188798,-0.24574133568928916
34.50000000000022,-0.8886192177994473,-0.24571374868837215
34.60000000000022,-0.8794255449647993,-0.24561376803993193
34.70000000000022,-0.8700349198045182,-0.24544033274263755
34.800000000000225,-0.8604345351121233,-0.24519229037737775
34.900000000000226,-0.8506105100785135,-0.24486838953080167
35.00000000000023,-0.8405477794309666,-0.24446727143135874
35.10000000000023,-0.8302299690950934,-0.24398746070200447
35.20000000000023,-0.8196392565098336,-0.2434273551204491
35.30000000000023,-0.8087562134374456,-0.24278521426248975
35.40000000000023,-0.7975596287744526,-0.24205914688624483
35.500000000000234,-0.7860263084774535,-0.24124709689460358
35.600000000000236,-0.7741308492600445,-0.24034682768944649
35.70000000000024,-0.7618453821827966,-0.23935590470363996
35.80000000000024,-0.749139281634653,-0.2382716758648231
35.90000000000024,-0.7359788344769411,-0.23709124970784737
36.00000000000024,-0.7223268632744797,-0.23581147080954493
36.10000000000024,-0.7081422965546742,-0.2344288921693052
36.200000000000244,-0.6933796778968752,-0.2329397441006138
36.300000000000246,-0.6779886043427696,-0.23133989913099468
36.40000000000025,-0.6619130831185728,-0.2296248323293153
36.50000000000025,-0.6450907939612683,-0.22778957638868155
36.60000000000025,-0.6274522424450765,-0.2258286706886576
36.70000000000025,-0.6089197876313189,-0.22373610344087128
36.80000000000025,-0.5894065251688164,-0.22150524588608017
36.900000000000254,-0.5688150047612568,-0.21912877735799086
37.000000000000256,-0.5470357588881402,-0.21659859986023688
37.10000000000026,-0.5239456181494975,-0.213905740620695
37.20000000000026,-0.4994057881468574,-0.21104024089793155
37.30000000000026,-0.47325966428558924,-0.20799102912972464
37.40000000000026,-0.4453303656541372,-0.20474577635372312
37.50000000000026,-0.41541797931555763,-0.20129073172934667
37.600000000000264,-0.3832965251518512,-0.19761053600271425
37.700000000000266,-0.3487106836585567,-0.1936880109687539
37.80000000000027,-0.3113723819240251,-0.18950392352933623
37.90000000000027,-0.27095741676104423,-0.18503672402400345
38.00000000000027,-0.22710242311914716,-0.1802622604184663
38.10000000000027,-0.17940269017614155,-0.17515347310739215
38.20000000000027,-0.12741161196109463,-0.16968008013002311
38.300000000000274,-0.07064296266352432,-0.1638082703305411
38.400000000000276,-0.008577734668537638,-0.15750043345903675
38.50000000000028,0.05932202343594558,-0.1507149725808163
38.60000000000028,0.1335891265611489,-0.14340626648680666
38.70000000000028,0.21471293481449927,-0.13552487835532084
38.80000000000028,0.30308246194052635,-0.1270181399811404
38.90000000000028,0.39890732740335305,-0.11783127266942871
39.000000000000284,0.502115866549619,-0.10790922371963244
39.100000000000286,0.612236021851064,-0.09719937921545352
39.20000000000029,0.728275156137734,-0.08565522872764478
39.30000000000029,0.8486285478676701,-0.07324087491053308
39.40000000000029,0.9710581693421804,-0.05993599320954769
39.50000000000029,1.0927841577064596,-0.04574050346815293
39.60000000000029,1.2107111165448028,-0.03067794656581728
39.700000000000294,1.3217681623271402,-0.014796549406648946
39.800000000000296,1.423290620694023,0.001832656395100704
39.9000000000003,1.5133416194252882,0.01912057560226583
40.0000000000003,1.5908866174025242,0.03696678038418204
40.1000000000003,1.6557886157459225,0.055266873984063436
40.2000000000003,1.708655026686752,0.07391914021553027
40.3000000000003,1.7506056138303572,0.09282956406366125
40.400000000000304,1.7830329378301242,0.11191489824966645
40.500000000000306,1.807403743179423,0.1311039408047176
40.60000000000031,1.8251208455527146,0.1503374572758848
40.70000000000031,1.8374434381224811,0.16956724118488972
40.80000000000031,1.8454529408151739,0.1887547367365931
40.90000000000031,1.8500491942974064,0.20786952877846587
41.00000000000031,1.8519640101689687,0.22688788881513589
41.100000000000314,1.8517827531560715,0.24579147543508306
41.200000000000315,1.8499680754155177,0.2645662266981155
41.30000000000032,1.846882533820201,0.28320144592956137
41.40000000000032,1.8428085569342445,0.3016890637514662
41.50000000000032,1.8379652691746553,0.32002305160896094
41.60000000000032,1.8325222415614355,0.3381989607787438
41.70000000000032,1.826610500949898,0.35621356276677374
41.800000000000324,1.8203312197720234,0.3740645702467298
41.900000000000325,1.8137625077041704,0.3917504212286894
42.00000000000033,1.8069646840509057,0.4092701124657726
42.10000000000033,1.7999843521763816,0.4266230709913508
42.20000000000033,1.7928575390529302,0.44380905507803237
42.30000000000033,1.7856121103639857,0.46082807784813984
42.40000000000033,1.7782696268881422,0.4776803483027484
42.500000000000334,1.7708467712940812,0.4943662257400192
42.600000000000335,1.7633564452283768,0.5108861844677013
42.70000000000034,1.7558086135753692,0.5272407864353214
42.80000000000034,1.748210954873552,0.543430659965314
42.90000000000034,1.7405693630555938,0.5594564831867598
43.00000000000034,1.7328883350639805,0.5753189711002314
43.10000000000034,1.725171270766225,0.5910188654507176
43.200000000000344,1.7174207053826227,0.6065569267756461
43.300000000000345,1.70963848989864,0.621933928140475
43.40000000000035,1.701825931316608,0.6371506501857158
43.50000000000035,1.6939839018407195,0.6522078771946708
43.60000000000035,1.6861129239812394,0.6671063939567449
43.70000000000035,1.6782132369525702,0.68184698325162
43.80000000000035,1.6702848485068458,0.6964304238184076
43.900000000000354,1.6623275753999127,0.7108574887038566
44.000000000000355,1.654341074961454,0.7251289439068355
44.10000000000036,1.6463248696835837,0.7392455472542273
44.20000000000036,1.6382783663129472,0.7532080474572649
44.30000000000036,1.6302008706001188,0.7670171833081243
44.40000000000036,1.6220915986040012,0.780673682984983
44.50000000000036,1.613949685250516,0.7941782634402876
44.600000000000364,1.6057741906908085,0.8075316298520714
44.700000000000365,1.5975641048842761,0.8207344751221386
44.80000000000037,1.5893183507381496,0.833787479408042
44.90000000000037,1.5810357860621258,0.8466913096782003
45.00000000000037,1.5727152045390527,0.8594466192813957
45.10000000000037,1.5643553358673672,0.8720540475233616
45.20000000000037,1.555954845195125,0.8845142192443102
45.300000000000374,1.5475123319369408,0.8968277443921256
45.400000000000375,1.5390263280423138,0.9089952175866173
45.50000000000038,1.5304952957653821,0.9210172176707249
45.60000000000038,1.5219176249711248,0.9328943072449336
45.70000000000038,1.513291630000631,0.9446270321814053
45.80000000000038,1.5046155461076678,0.9562159211144958
45.90000000000038,1.4958875254699102,0.967661484904409
46.000000000000384,1.4871056327704617,0.9789642160707533
46.100000000000385,1.4782678403383773,0.990124588192728
46.20000000000039,1.4693720228305391,1.0011430552725653
46.30000000000039,1.460415951431226,1.0120200510587187
46.40000000000039,1.4513972875398682,1.0227559883250912
46.50000000000039,1.4423135759116357,1.033351258102367
46.60000000000039,1.4331622372095323,1.0438062288572272
46.700000000000394,1.4239405599204171,1.0541212456149038
46.800000000000395,1.414645691580732,1.0642966290201492
46.9000000000004,1.4052746292505491,1.0743326743312689
47.0000000000004,1.3958242091667297,1.0842296503413802
47.1000000000004,1.386291095497377,1.093987798220509
47.2000000000004,1.3766717681102159,1.103607330271524
47.3000000000004,1.3669625092568778,1.1130884285922058
47.400000000000404,1.3571593890631306,1.1224312436349804
47.500000000000405,1.3472582497016574,1.1316358926549588
47.600000000000406,1.3372546881088272,1.1407024580359522
47.70000000000041,1.3271440370897338,1.149630985483017
47.80000000000041,1.3169213446363037,1.1584214820688452
47.90000000000041,1.3065813512611169,1.16707391411991
48.00000000000041,1.2961184651243403,1.175588204926695
48.10000000000041,1.2855267347023291,1.1839642322605466
48.200000000000415,1.2747998187134548,1.192201825677668
48.300000000000416,1.2639309529788785,1.2003007635884828
48.40000000000042,1.2529129138525277,1.2082607700679897
48.50000000000042,1.2417379778045086,1.2160815113797834
48.60000000000042,1.2303978766845096,1.2237625921830415
48.70000000000042,1.218883748125112,1.231303551387944
48.80000000000042,1.2071860804677996,1.2387038576206024
48.900000000000425,1.1952946515050078,1.2459629042535552
49.000000000000426,1.1831984602276233,1.2530800039521255
49.10000000000043,1.1708856506463456,1.2600543826803219
49.20000000000043,1.158343426614174,1.2668851731023405
49.30000000000043,1.1455579564123217,1.2735714073069437
49.40000000000043,1.1325142656686684,1.2801120087718307
49.50000000000043,1.1191961169511897,1.286505783473353
49.600000000000435,1.105585874112321,1.2927514100332822
49.700000000000436,1.0916643491463411,1.2988474287784602
49.80000000000044,1.077410628951483,1.3047922295706784
49.90000000000044,1.0628018789506537,1.3105840382425373
50.00000000000044,1.0478131200061942,1.316220901449789
50.10000000000044,1.0324169744492386,1.3217006697210594
50.20000000000044,1.0165833763139613,1.3270209784510916
50.300000000000445,1.000279239998636,1.332179226542745
50.400000000000446,0.9834680805418673,1.337172552354791
50.50000000000045,0.9661095774714527,1.3419978065556397
50.60000000000045,0.9481590727171716,1.3466515214158679
50.70000000000045,0.9295669913332001,1.3511298759928088
50.80000000000045,0.9102781717000509,1.3554286565661535
50.90000000000045,0.8902310894129857,1.3595432115717552
51.000000000000455,0.8693569561520693,1.3634684001483823
51.100000000000456,0.8475786714055609,1.3671985332553551
51.20000000000046,0.8248096009260582,1.3707273061336394
51.30000000000046,0.8009521511991956,1.3740477206645652
51.40000000000046,0.7758961040001069,1.3771519959241894
51.50000000000046,0.7495166693846905,1.380031464933141
51.60000000000046,0.7216722094347577,1.3826764552584003
51.700000000000465,0.6922015792188988,1.3850761507344636
51.800000000000466,0.6609210266308558,1.3872184311415565
51.90000000000047,0.6276205905989143,1.3890896862223703
52.00000000000047,0.5920599403187735,1.390674599967204
52.10000000000047,0.5539636111450085,1.3919559007092823
52.20000000000047,0.5130156229328331,1.3929140723522988
52.30000000000047,0.4688535257515857,1.3935270221802545
52.400000000000475,0.4210620245847877,1.3937697014729127
52.500000000000476,0.36916651754285207,1.393613677050254
52.60000000000048,0.3126271841458555,1.3930266556569901
52.70000000000048,0.25083474297254,1.3919719699435094
52.80000000000048,0.18310974407439423,1.3904080464404651
52.90000000000048,0.10870836910221697,1.3882878948168937
53.00000000000048,0.026839267646034115,1.3855586870630325
53.100000000000485,-0.06330203718995958,1.3821615386573536
53.200000000000486,-0.16247243563661812,1.3780316640119152
53.30000000000049,-0.27128386612168365,1.3730991543456743
53.40000000000049,-0.39005974440476626,1.3672907063824127
53.50000000000049,-0.5186420073124098,1.360532683998604
53.60000000000049,-0.6561617796723571,1.3527558611122048
53.70000000000049,-0.80081549481809,1.3439019812375874
53.800000000000495,-0.9497252802154263,1.3339317880044146
53.900000000000496,-1.098988333632408,1.3228334336297483
54.0000000000005,-1.2440013381836823,1.3106293777006073
54.1000000000005,-1.380057222507943,1.2973795226260358
54.2000000000005,-1.5030755460847032,1.2831789025787295
54.3000000000005,-1.6102290108613115,1.2681498124436006
54.4000000000005,-1.7002535213381864,1.2524301519838852
54.500000000000504,-1.7733746808805595,1.2361609165925387
54.600000000000506,-1.8309478770508154,1.219475599461538
54.70000000000051,-1.8749889042151544,1.2024930869859647
54.80000000000051,-1.90774834679694,1.1853142471355902
54.90000000000051,-1.931407828438432,1.1680214742356179
55.00000000000051,-1.94790748433901,1.150680125880955
55.10000000000051,-1.9588767075141524,1.1333408904787625
55.200000000000514,-1.9656309941531618,1.116042404351658
55.300000000000516,-1.9692035089930662,1.0988137210158921
55.40000000000052,-1.9703901179041483,1.0816764482351846
55.50000000000052,-1.9697956594902526,1.064646501558544
55.60000000000052,-1.9678755359191522,1.0477354938645698
55.70000000000052,-1.9649704930710332,1.0309518109326747
55.80000000000052,-1.961334458608512,1.014301430796059
55.900000000000524,-1.9571562043001816,0.9977885411742629
56.000000000000526,-1.9525758908090374,0.9814160013724925
56.10000000000053,-1.9476975468546276,0.9651856861934844
56.20000000000053,-1.9425984035670376,0.9490987412551424
56.30000000000053,-1.9373358384946482,0.9331557722341334
56.40000000000053,-1.9319525237184125,0.9173569850455044
56.50000000000053,-1.9264802350369812,0.9017022896852922
56.600000000000534,-1.9209426678876884,0.8861913771993465
56.700000000000536,-1.9153575187080403,0.8708237767869434
56.80000000000054,-1.9097380240046395,0.8555988982175681
56.90000000000054,-1.9040940993753566,0.8405160633823505
57.00000000000054,-1.8984331834317811,0.8255745297992463
57.10000000000054,-1.892760863932859,0.8107735081520822
57.20000000000054,-1.8870813430471014,0.7961121753993904
57.300000000000544,-1.8813977836488012,0.7815896845882839
57.400000000000546,-1.8757125675176503,0.767205172213545
57.50000000000055,-1.8700274882018733,0.7529577637446158
57.60000000000055,-1.8643438953454852,0.7388465777827289
57.70000000000055,-1.8586628028980678,0.7248707291918831
57.80000000000055,-1.852984970400117,0.7110293314596858
57.90000000000055,-1.8473109641603473,0.6973214984791104
58.000000000000554,-1.841641203387691,0.6837463458940003
58.100000000000556,-1.8359759950448147,0.6703029921153001
58.20000000000056,-1.8303155602308339,0.6569905590882963
58.30000000000056,-1.8246600541897897,0.6438081728712286
58.40000000000056,-1.8190095815133493,0.6307549640707419
58.50000000000056,-1.813364207713289,0.6178300681684963
58.60000000000056,-1.8077239680464836,0.6050326257648865
58.700000000000564,-1.802088874256484,0.5923617827595333
58.800000000000566,-1.7964589197322034,0.5798166904834707
58.90000000000057,-1.7908340834616725,0.5673965057943811
59.00000000000057,-1.7852143330667998,0.5551003911435275
59.10000000000057,-1.7795996271358558,0.5429275146209888
59.20000000000057,-1.77398991701825,0.530877049984246
59.30000000000057,-1.7683851482067887,0.518948176673995
59.400000000000574,-1.7627852614028268,0.5071400798201559
59.500000000000576,-1.7571901933371599,0.49545195024036814
59.60000000000058,-1.7515998774023784,0.4838829844327336
59.70000000000058,-1.7460142441393782,0.47243238456417064
59.80000000000058,-1.7404332216107992,0.4610993584554333
59.90000000000058,-1.7348567356865936,0.4498831195636135
60.00000000000058,-1.7292847102611322,0.43878288696276213
60.100000000000584,-1.7237170674168194,0.4277978853231251
60.200000000000585,-1.7181537275457928,0.4169273448893808
60.30000000000059,-1.712594609438657,0.40617050145818295
60.40000000000059,-1.7070396303471944,0.395526596355247
60.50000000000059,-1.7014887060264352,0.38499487641216834
60.60000000000059,-1.6959417507602734,0.3745745939431207
60.70000000000059,-1.6903986773738804,0.3642650067215539
60.800000000000594,-1.6848593972354469,0.3540653779569851
60.900000000000595,-1.6793238202492278,0.3439749762719604
61.0000000000006,-1.6737918548414183,0.33399307567924785
61.1000000000006,-1.6682634079400598,0.32411895555931375
61.2000000000006,-1.6627383849498956,0.3143519006381232
61.3000000000006,-1.6572166897228993,0.3046912009653004
61.4000000000006,-1.651698224525023,0.29513615189267917
61.500000000000604,-1.6461828899995914,0.28568605405326863
61.600000000000605,-1.6406705851276613,0.2763402133406575
61.70000000000061,-1.6351612071855837,0.26709794088887706
61.80000000000061,-1.6296546516999453,0.25795855305274185
61.90000000000061,-1.6241508124000086,0.24892137138868484
62.00000000000061,-1.618649581167732,0.23998572263610396
62.10000000000061,-1.6131508479854153,0.23115093869923573
62.200000000000614,-1.6076545008809877,0.22241635662957135
62.300000000000615,-1.6021604258709339,0.21378131860883076
62.40000000000062,-1.5966685069008324,0.2052451719325099
62.50000000000062,-1.591178625783466,0.19680726899401682
62.60000000000062,-1.5856906621344464,0.18846696726941234
62.70000000000062,-1.5802044933052872,0.18022362930277167
62.80000000000062,-1.5747199943138428,0.1720766226921834
62.900000000000624,-1.569237037772025,0.16402532007640358
63.000000000000625,-1.563755493810697,0.15606909912218225
63.10000000000063,-1.558275230001635,0.14820734251228163
63.20000000000063,-1.5527961112764388,0.14043943793420505
63.30000000000063,-1.5473179998422675,0.13276477806965703
63.40000000000063,-1.5418407550942599,0.12518276058475572
63.50000000000063,-1.5363642335244985,0.11769278812101983
63.600000000000634,-1.530888288627362,0.11029426828715339
63.700000000000635,-1.525412770801103,0.10298661365165257
63.80000000000064,-1.5199375272454774,0.09576924173626028
63.90000000000064,-1.5144624018552446,0.0886415750102951
64.00000000000064,-1.5089872351093419,0.08160304088588288
64.10000000000063,-1.5035118639555303,0.0746530717141205
64.20000000000063,-1.4980361216902958,0.06779110478220267
64.30000000000062,-1.492559837833774,0.06101658231154458
64.40000000000062,-1.4870828379994605,0.05432895145693458
64.50000000000061,-1.4816049437584475,0.04772766430675287
64.6000000000006,-1.4761259724979185,0.04121217788429422
64.7000000000006,-1.4706457372736141,0.03478195415023452
64.8000000000006,-1.465164046655966,0.028436460006283207
64.90000000000059,-1.4596807045695792,0.022175167300065635
65.00000000000058,-1.4541955101257251,0.015997552831282104
65.10000000000058,-1.4487082574474819,0.009903098359192418
65.20000000000057,-1.4432187354871477,0.003891290611477696
65.30000000000057,-1.43772672783552,-0.00203837870546612
65.40000000000056,-1.432232012522614,-0.007886412894745662
65.50000000000055,-1.4267343618093704,-0.013653310255637877
65.60000000000055,-1.4212335419698676,-0.019339564068644243
65.70000000000054,-1.4157293130635316,-0.024945662578864
65.80000000000054,-1.4102214286968016,-0.030472088977615247
65.90000000000053,-1.4047096357736748,-0.03591932138222871
66.00000000000053,-1.3991936742345215,-0.04128783281393475
66.10000000000052,-1.3936732767825182,-0.04657809117375962
66.20000000000051,-1.3881481685970107,-0.05179055921634231
66.30000000000051,-1.3826180670330699,-0.056925694521578016
66.4000000000005,-1.3770826813064572,-0.06198394946398892
66.5000000000005,-1.3715417121631694,-0.06696577117971719
66.60000000000049,-1.36599485153267,-0.07187160153102883
66.70000000000049,-1.3604417821638646,-0.07670187706821045
66.80000000000048,-1.3548821772428066,-0.08145702898873405
66.90000000000047,-1.3493156999910596,-0.08613748309355716
67.00000000000047,-1.3437420032435625,-0.09074365974041798
67.10000000000046,-1.338160729004771,-0.09527597379397626
67.20000000000046,-1.3325715079817602,-0.09973483457264175
67.30000000000045,-1.3269739590928864,-0.10412064579192193
67.40000000000045,-1.3213676889505037,-0.10843380550411053
67.50000000000044,-1.3157522913161286,-0.11267470603412685
67.60000000000043,-1.31012734652633,-0.11684373391130405
67.70000000000043,-1.3044924208875004,-0.1209412697969113
67.80000000000042,-1.2988470660375278,-0.12496768840718138
67.90000000000042,-1.2931908182722476,-0.12892335843159966
68.00000000000041,-1.2875231978343953,-0.1328086424461953
68.1000000000004,-1.2818437081626142,-0.1366238968215575
68.2000000000004,-1.2761518350978867,-0.14036947162528174
68.3000000000004,-1.2704470460445638,-0.14404571051853074
68.40000000000039,-1.2647287890829497,-0.14765295064637385
68.50000000000038,-1.258996492030165,-0.15119152252154508
68.60000000000038,-1.253249561445762,-0.15466174990123557
68.70000000000037,-1.2474873815782854,-0.15806394965650925
68.80000000000037,-1.2417093132486798,-0.16139843163390172
68.90000000000036,-1.2359146926661086,-0.16466549850873125
69.00000000000036,-1.2301028301714059,-0.16786544562961667
69.10000000000035,-1.2242730089029867,-0.17099856085366114
69.20000000000034,-1.2184244833796252,-0.17406512437172056
69.30000000000034,-1.212556477994044,-0.17706540852313352
69.40000000000033,-1.2066681854107604,-0.17999967759924265
69.50000000000033,-1.2007587648610767,-0.18286818763498752
69.60000000000032,-1.19482734032751,-0.18567118618779455
69.70000000000032,-1.1888729986092863,-0.18840891210293045
69.80000000000031,-1.1828947872598055,-0.19108159526442128
69.9000000000003,-1.1768917123861908,-0.19368945633056922
70.0000000000003,-1.170862736300164,-0.19623270645302326
70.10000000000029,-1.1648067750085263,-0.19871154697827714
70.20000000000029,-1.1587226955304775,-0.20112616913037712
70.30000000000028,-1.1526093130278428,-0.20347675367352394
70.40000000000028,-1.146465387732996,-0.20576347055314548
70.50000000000027,-1.140289621657864,-0.20798647851389873
70.60000000000026,-1.1340806550658349,-0.21014592469293125
70.70000000000026,-1.1278370626866758,-0.21224194418659073
70.80000000000025,-1.1215573496526605,-0.21427465958861724
70.90000000000025,-1.1152399471320018,-0.21624418049768296
71.00000000000024,-1.1088832076333455,-0.2181506029919577
71.10000000000024,-1.1024853999524922,-0.2199940090681747
71.20000000000023,-1.096044703729632,-0.221774466042445
71.30000000000022,-1.0895592035821757,-0.22349202590982184
71.40000000000022,-1.0830268827747032,-0.22514672465934238
71.50000000000021,-1.0764456163835707,-0.22673858154097312
71.60000000000021,-1.0698131639092934,-0.22826759828055188
71.7000000000002,-1.063127161284862,-0.22973375823845096
71.8000000000002,-1.056385112222617,-0.2311370255072784
71.90000000000019,-1.0495843788360995,-0.2324773439434821
72.00000000000018,-1.0427221714663506,-0.23375463612722008
72.10000000000018,-1.035795537634324,-0.23496880224430353
72.20000000000017,-1.0288013500323046,-0.23611971888339922
72.30000000000017,-1.0217362934573613,-0.2372072377409886
72.40000000000016,-1.014596850578737,-0.23823118422581155
72.50000000000016,-1.0073792864185291,-0.23919135595366478
72.60000000000015,-1.00007963141084,-0.24008752112246523
72.70000000000014,-0.9926936628885356,-0.24091941675641584
72.80000000000014,-0.9852168848285747,-0.24168674680690783
72.90000000000013,-0.977644505666258,-0.24238918009644386
73.00000000000013,-0.9699714139653166,-0.2430263480903509
73.10000000000012,-0.9621921517041098,-0.24359784247934416
73.20000000000012,-0.9543008849078288,-0.24410321255408274
73.30000000000011,-0.9462913713219451,-0.24454196235068748
73.4000000000001,-0.9381569247825319,-0.24491354754374145
73.5000000000001,-0.9298903758937535,-0.2452173720605203
73.6000000000001,-0.9214840285708428,-0.24545278438705637
73.70000000000009,-0.912929611947226,-0.24561907353307352
73.80000000000008,-0.9042182270758509,-0.24571546461877466
73.90000000000008,-0.8953402877757743,-0.24574111404184687
74.00000000000007,-0.8862854548839624,-0.24569510417778506
74.10000000000007,-0.877042563067023,-0.24557643756062286
74.20000000000006,-0.8675995392258811,-0.2453840304842822
74.30000000000005,-0.857943311385416,-0.24511670595687446
74.40000000000005,-0.848059706797548,-0.2447731859312458
74.50000000000004,-0.8379333377963204,-0.24435208272466974
74.60000000000004,-0.8275474737226483,-0.24385188952863177
74.70000000000003,-0.8168838969792597,-0.24327096989586755
74.80000000000003,-0.8059227409766923,-0.2426075460759034
74.90000000000002,-0.7946423073817084,-0.24185968605195468
75.00000000000001,-0.7830188596716205,-0.24102528911074728
75.10000000000001,-0.7710263895218618,-0.24010206975215495
75.2,-0.7586363519982674,-0.23908753971692273
75.3,-0.7458173648768835,-0.2379789878775138
75.39999999999999,-0.7325348666579462,-0.23677345769850378
75.49999999999999,-0.7187507269606429,-0.23546772192806717
75.59999999999998,-0.7044228019637657,-0.23405825412993675
75.69999999999997,-0.6895044263761702,-0.23254119660461472
75.79999999999997,-0.6739438320625655,-0.23091232417828325
75.89999999999996,-0.6576834819000072,-0.22916700325638958
75.99999999999996,-0.640659305690715,-0.22730014544477217
76.09999999999995,-0.6227998230125021,-0.22530615493294592
76.19999999999995,-0.6040251357767648,-0.2231788687104072
76.29999999999994,-0.5842457710510819,-0.22091148854654788
76.39999999999993,-0.5633613525160103,-0.2184965035077344
76.49999999999993,-0.5412590769885961,-0.21592560161243893
76.59999999999992,-0.5178119711369696,-0.2131895690404864
76.69999999999992,-0.4928769034472224,-0.21027817512285954
76.79999999999991,-0.46629232866526443,-0.2071800411576609
76.8999999999999,-0.43787574785282607,-0.2038824909491062
76.9999999999999,-0.4074208792229347,-0.2003713808882981
77.0999999999999,-0.3746945566288322,-0.19663090744855358
77.19999999999989,-0.33943340931321375,-0.19264339025052707
77.29999999999988,-0.3013404361336859,-0.18838902951101072
77.39999999999988,-0.2600816812598721,-0.1838456379465778
77.49999999999987,-0.2152833620603465,-0.17898834938748093
77.59999999999987,-0.16653001465209324,-0.17378930994128391
77.69999999999986,-0.11336453466344018,-0.16821736318906122
77.79999999999986,-0.055291428975718766,-0.16223774947786263
77.89999999999985,0.008214818509024648,-0.15581185197898462
77.99999999999984,0.07769363023628162,-0.1488970399925761
78.09999999999984,0.1536710175228474,-0.14144668392434537
78.19999999999983,0.23661691959086195,-0.13341044635418148
78.29999999999983,0.32688291682594667,-0.12473498712642707
78.39999999999982,0.424617222506476,-0.1153652501509849
78.49999999999982,0.5296575082522228,-0.10524651071988737
78.59999999999981,0.6414094725629788,-0.0943273299985954
78.6999999999998,0.7587305973886943,-0.08256345581004959
78.7999999999998,0.8798523516759678,-0.06992249838962768
78.89999999999979,1.0023841395990964,-0.05638890002918764
78.99999999999979,1.1234385278602548,-0.04196837760916167
79.09999999999978,1.239890748776937,-0.026690796697486655
79.19999999999978,1.3487380636737119,-0.010610518949428806
79.29999999999977,1.4474760390601997,0.006196252045195489
79.39999999999976,1.5343891312538407,0.02363683076837815
79.49999999999976,1.6086797361913912,0.04160908047545639
79.59999999999975,1.6704203511597553,0.06000871076237704
79.69999999999975,1.7203729586660583,0.07873557433227071
79.79999999999974,1.7597488841137168,0.09769819589091686
79.89999999999974,1.789976291150615,0.11681635051804762
79.99999999999973,1.812516230750526,0.13602194774884618
80.09999999999972,1.8287402838412596,0.15525868757464706
80.19999999999972,1.8398639521542608,0.17448097297262988
80.29999999999971,1.8469216781068498,0.1936524745733068
80.39999999999971,1.8507685763685304,0.2127446211186322
80.4999999999997,1.8520967774530754,0.23173517853135403
80.5999999999997,1.8514579999718974,0.25060699768524286
80.69999999999969,1.8492872270407297,0.2693469571200017
80.79999999999968,1.8459247397388632,0.28794509600304363
80.89999999999968,1.8416352978818797,0.3063939174002912
80.99999999999967,1.8366241568859798,0.3246878363388508
81.09999999999967,1.831050079813529,0.34282274692850045
81.19999999999966,1.8250357120105065,0.3607956852057315
81.29999999999966,1.8186757464299252,0.37860456775638845
81.39999999999965,1.8120432927728563,0.3962479896885081
81.49999999999964,1.8051948152151338,0.4137250687464329
81.59999999999964,1.7981739448687961,0.4310353251185393
81.69999999999963,1.7910144159048837,0.44817858876744954
81.79999999999963,1.783742323550586,0.46515492794123087
81.89999999999962,1.7763778595734678,0.4819645939696558
81.99999999999962,1.7689366462423999,0.49860797857848027
82.09999999999961,1.7614307622146672,0.5150855808292645
82.1999999999996,1.7538695322080877,0.531397981466147
82.2999999999996,1.7462601355575738,0.547545822968393
82.3999999999996,1.7386080758341884,0.5635297940039302
82.49999999999959,1.7309175437877813,0.5793506172824059
82.59999999999958,1.7231916982856057,0.5950090400382972
82.69999999999958,1.7154328841225788,0.61050582655208
82.79999999999957,1.7076428011548281,0.625841752253299
82.89999999999957,1.6998226358325361,0.6410175990534571
82.99999999999956,1.691973163631645,0.6560341516364582
83.09999999999955,1.6840948289161513,0.6708921944956474
83.19999999999955,1.676187807258245,0.6855925095536525
83.29999999999954,1.6682520540919026,0.7001358742375591
83.39999999999954,1.6602873426927105,0.7145230599099933
83.49999999999953,1.6522932937988912,0.7287548305783611
83.59999999999953,1.6442693986671812,0.7428319418212753
83.69999999999952,1.636215036955552,0.7567551398842247
83.79999999999951,1.6281294905146835,0.7705251609066506
83.89999999999951,1.6200119539302391,0.7841427302504698
83.9999999999995,1.6118615424720528,0.7976085619062143
84.0999999999995,1.6036772979618763,0.8109233579577408
84.19999999999949,1.5954581929588127,0.8240878080901975
84.29999999999949,1.5872031335737038,0.8371025891288508
84.39999999999948,1.5789109611549177,0.8499683645986502
84.49999999999947,1.5705804530339151,0.8626857842961833
84.59999999999947,1.56221032247631,0.87525548386705
84.69999999999946,1.5537992179503475,0.8876780843827534
84.79999999999946,1.5453457217977868,0.8999541919120222
84.89999999999945,1.536848348370575,0.9120843970821002
84.99999999999945,1.5283055416792206,0.9240692746260011
85.09999999999944,1.5197156725844916,0.935909382912059
85.19999999999943,1.5110770355522305,0.9476052634523319
85.29999999999943,1.5023878449811219,0.9591574403865543
85.39999999999942,1.4936462311047007,0.9705664199384005
85.49999999999942,1.4848502354613982,0.9818326898408198
85.59999999999941,1.4759978059196603,0.992956718727148
85.6999999999994,1.4670867912389332,1.0039389554845943
85.7999999999994,1.458114935141343,1.0147798285665446
85.8999999999994,1.4490798698630813,1.025479745259923
85.99999999999939,1.4399791091486271,1.036039090903605
86.09999999999938,1.4308100406449118,1.0464582280535861
86.19999999999938,1.4215699176461927,1.0567374955902655
86.29999999999937,1.412255850133636,1.066877207762821
86.39999999999937,1.4028647950462874,1.0768776531652016
86.49999999999936,1.3933935457121023,1.0867390936377666
86.59999999999935,1.3838387203588711,1.0964617630880347
86.69999999999935,1.3741967496150587,1.106045866223368
86.79999999999934,1.3644638628996102,1.1154915771877036
86.89999999999934,1.3546360735874816,1.1247990380936403
86.99999999999933,1.3447091628237917,1.1339683574402906
87.09999999999933,1.3346786618438502,1.1429996084062872
87.19999999999932,1.3245398326385907,1.151892827006202
87.29999999999932,1.3142876467848101,1.1606480100973446
87.39999999999931,1.3039167622367172,1.1692651132224656
87.4999999999993,1.293421497849168,1.1777440482722563
87.5999999999993,1.2827958053731312,1.1860846809496906
87.69999999999929,1.2720332386297444,1.1942868280161683
87.79999999999929,1.2611269195301396,1.2023502542970526
87.89999999999928,1.2500695005631586,1.2102746694215059
87.99999999999928,1.2388531233212146,1.2180597242684759
88.09999999999927,1.227469372574718,1.2257050070872
88.19999999999926,1.2159092253363202,1.2332100392566256
88.29999999999926,1.2041629942761338,1.240574270643606
88.39999999999925,1.192220264756162,1.2477970745145266
88.49999999999925,1.1800698246441292,1.2548777419490542
88.59999999999924,1.167699585941071,1.2618154756978401
88.69999999999924,1.155096497110179,1.2686093834181091
88.79999999999923,1.1422464448226575,1.275258470211948
88.89999999999922,1.1291341436351439,1.2817616303815642
88.99999999999922,1.1157430118770226,1.2881176383035675
89.09999999999921,1.1020550317481497,1.2943251383101486
89.1999999999992,1.0880505913001024,1.3003826334485222
89.2999999999992,1.0737083055875678,1.3062884729707727
89.3999999999992,1.0590048138193786,1.3120408383837685
89.49999999999919,1.0439145487972126,1.3176377278625195
89.59999999999918,1.0284094742875207,1.3230769387995087
89.69999999999918,1.0124587852089835,1.3283560482263024
89.79999999999917,0.9960285646099284,1.3334723908010933
89.89999999999917,0.979081390329387,1.3384230340055479
89.99999999999916,0.9615758829482263,1.3432047501349451
90.09999999999916,0.9434661851036181,1.3478139845953743
90.19999999999915,0.9247013604151314,1.3522468199386284
90.29999999999914,0.9052246981015419,1.3564989349669345
90.39999999999914,0.8849729067956902,1.3605655581229403
90.49999999999913,0.8638751780279506,1.3644414142420658
90.59999999999913,0.8418520962848723,1.3681206635806278
90.69999999999912,0.8188143684044367,1.3715968318397784
90.79999999999912,0.7946613403124375,1.3748627296776663
90.89999999999911,0.7692792637539072,1.3779103599357263
90.9999999999991,0.7425392698397253,1.3807308104954696
91.0999999999991,0.7142950001864875,1.3833141303269882
91.1999999999991,0.684379840734852,1.3856491858901947
91.29999999999909,0.652603699019319,1.3877234946113999
91.39999999999908,0.6187492645427701,1.3895230316989968
91.49999999999908,0.5825676970611975,1.391032006119604
91.59999999999907,0.5437737041158824,1.3922326011986264
91.69999999999906,0.5020400053722534,1.3931046751575609
91.79999999999906,0.4569912505157767,1.3936254171591391
91.89999999999905,0.40819758042953835,1.3937689554378594
91.99999999999905,0.355168230006694,1.3935059163902006
92.09999999999904,0.29734591251600745,1.3928029379375735
92.19999999999904,0.2341032668653047,1.391622148355334
92.29999999999903,0.16474347807620343,1.389920634992263
92.39999999999903,0.0885083967995804,1.3876499485410492
92.49999999999902,0.004599160176550543,1.3847557211285964
92.59999999999901,-0.08778358868157615,1.381177524037776
92.69999999999901,-0.18937062596787363,1.376849155482173
92.799999999999,-0.3007157457721941,1.3716996274944175
92.899999999999,-0.42203941808771867,1.365655198434699
92.99999999999899,-0.5530243639578674,1.3586428361303584
93.09999999999899,-0.6925822170209727,1.3505954265911522
93.19999999999898,-0.8386422461568881,1.341458768646324
93.29999999999897,-0.9880497975361764,1.3311998389453625
93.39999999999897,-1.1366800946439803,1.3198150204907335
93.49999999999896,-1.2798376537305807,1.307336249735853
93.59999999999896,-1.412905852652161,1.2938328711278337
93.69999999999895,-1.5320749229247101,1.279407836619553
93.79999999999895,-1.6349034917940446,1.2641886310086663
93.89999999999894,-1.7205296802611738,1.2483151016658132
93.99999999999893,-1.7895099275136983,1.2319272103544725
94.09999999999893,-1.8434136369725174,1.2151552366836798
94.19999999999892,-1.884353045658427,1.1981136472736396
94.29999999999892,-1.9145845291351884,1.1808985334971889
94.39999999999891,-1.9362396049790684,1.1635877428816543
94.4999999999989,-1.951182243166429,1.1462426357590831
94.5999999999989,-1.9609599870441035,1.1289105693327435
94.6999999999989,-1.9668122785208997,1.1116275048453264
94.79999999999889,-1.9697070901245797,1.094420402823627
94.89999999999888,-1.9703871378069886,1.0773092631826433
94.99999999999888,-1.9694153290597776,1.0603087820356256
95.09999999999887,-1.9672147094985086,1.0434296555670006
95.19999999999887,-1.9641014293999415,1.0266795845734653
95.29999999999886,-1.9603109098534224,1.0100640372696144
95.39999999999885,-1.956018092054849,0.993586822871894
95.49999999999885,-1.951352845923682,0.9772505200856874
95.59999999999884,-1.9464115636080952,0.9610567958539545
95.69999999999884,-1.9412658172253137,0.9450066418714531
95.79999999999883,-1.9359687928052547,0.92910054984858
95.89999999999883,-1.9305600572831594,0.9133386413302168
95.99999999999882,-1.925069084555933,0.8977207638732758
96.09999999999881,-1.9195178618409585,0.8822465623491421
96.19999999999881,-1.9139228162595847,0.8669155318585793
96.2999999999988,-1.908296239710912,0.8517270570505853
96.3999999999988,-1.9026473436627414,0.8366804413805854
96.49999999999879,-1.8969830409244315,0.8217749289160253
96.59999999999879,-1.8913085258893687,0.807009720614043
96.69999999999878,-1.8856277058750743,0.7923839864926994
96.79999999999878,-1.8799435223120733,0.7778968747467507
96.89999999999877,-1.8742581903329922,0.7635475185860444
96.99999999999876,-1.868573377818771,0.7493350413734385
97.09999999999876,-1.862890339450483,0.7352585604906722
97.19999999999875,-1.8572100172639305,0.7213171902508934
97.29999999999875,-1.851533116221535,0.7075100440953533
97.39999999999874,-1.8458601611174976,0.693836236251585
97.49999999999874,-1.8401915395093678,0.6802948829856935
97.59999999999873,-1.8345275341694494,0.6668851035481477
97.69999999999872,-1.828868347661149,0.6536060208876907
97.79999999999872,-1.8232141209864776,0.6404567621895028
97.89999999999871,-1.8175649477613836,0.6274364592799185
97.9999999999987,-1.8119208850112039,0.6145442489296451
98.0999999999987,-1.8062819614068322,0.6017792730796476
98.1999999999987,-1.8006481835592358,0.5891406790080235
98.29999999999869,-1.79501954083806,0.5766276194517768
98.39999999999868,-1.7893960090661807,0.5642392526940818
98.49999999999868,-1.7837775533565223,0.5519747426251057
98.59999999999867,-1.7781641302930895,0.539833258782556
98.69999999999867,-1.7725556896096324,0.5278139763766716
98.79999999999866,-1.766952175482713,0.5159160763032749
98.89999999999866,-1.7613535275282035,0.5041387451476644
98.99999999999865,-1.7557596815692251,0.49248117518148893
99.09999999999864,-1.750170570227574,0.48094256435425126
99.19999999999864,-1.7445861233785236,0.4695221162807198
99.29999999999863,-1.7390062684996452,0.4582190402252341
99.39999999999863,-1.7334309309372127,0.44703255108367107
99.49999999999862,-1.7278600341083505,0.43596186936367004
99.59999999999862,-1.7222934996529426,0.4250062211635797
99.69999999999861,-1.7167312475461352,0.4141648381504922
99.7999999999986,-1.7111731961798218,0.4034369575376486
99.8999999999986,-1.7056192624196154,0.3928218220614405
99.9999999999986,-1.7000693616423521,0.3823186799581849
